,State,TotalPop,Hispanic,White,Black,Native,Asian,Pacific,Income,GenderPop
0,Colorado,5278906,20.78438003220608%,69.89557165861504%,3.546376811594201%,0.5738325281803548%,2.661996779388082%,,$64657.801787164906,2648667M_2630239F
1,Connecticut,3593222,15.604830917874388%,67.6770531400966%,10.34806763285027%,0.12620772946859898%,4.021980676328502%,0.018599033816425123%,$76146.5605875153,1751607M_1841615F
2,Delaware,926454,8.82476635514019%,64.63271028037383%,20.743925233644834%,0.25981308411214965%,3.2686915887850483%,,$61827.97663551402,448413M_478041F
3,District of Columbia,647484,9.165921787709499%,33.103910614525134%,51.77653631284915%,0.20055865921787713%,3.3832402234636865%,0.029608938547486034%,$75466.36363636363,306674M_340810F
4,Florida,19645772,21.3385426653884%,59.08374880153398%,15.165675934803444%,0.2104506232023015%,2.2831735378715257%,0.05151006711409391%,$50690.194986743794,9600009M_10045763F
5,Georgia,10006693,8.418242207460397%,54.28630556974962%,32.08829841594277%,0.18758303525804798%,3.0976494634644895%,0.046601941747572824%,$50811.08205128205,4883331M_5123362F
