,State,TotalPop,Hispanic,White,Black,Native,Asian,Pacific,Income,GenderPop
0,Rhode Island,1053661,13.356666666666678%,74.32541666666665%,5.68291666666667%,0.3462500000000001%,3.2474999999999983%,0.035833333333333335%,$59125.270833333336,510388M_543273F
1,South Carolina,4777576,5.056684981684991%,62.888736263736185%,28.75091575091577%,0.2923992673992673%,1.249175824175822%,0.046978021978021964%,$46296.807763401106,2322409M_2455167F
2,South Dakota,843190,3.2396396396396376%,82.50090090090092%,1.4238738738738752%,9.417567567567566%,1.0193693693693688%,0.04189189189189189%,$51805.40540540541,423477M_419713F
3,Tennessee,6499615,4.720026972353339%,73.49008766014822%,18.283816587997297%,0.22663519892110592%,1.4072825354012126%,0.04315576534052599%,$47328.083616587355,3167756M_3331859F
4,Texas,26538614,38.04673809068304%,44.687908934379145%,11.65004782858236%,0.26114405969007126%,3.6696958102161825%,0.06881576430074614%,$55874.522600500095,13171316M_13367298F
5,Utah,2903379,13.468376068376063%,79.40683760683764%,1.0179487179487194%,1.0813675213675222%,2.196068376068376%,0.8259829059829059%,$63488.91780821918,1459229M_1444150F
