,State,TotalPop,Hispanic,White,Black,Native,Asian,Pacific,Income,GenderPop
0,Missouri,6045448,4.037247838616718%,77.508069164265%,14.122118155619594%,0.36332853025936646%,1.6244956772334296%,0.10165706051873193%,$49763.98772563177,2964003M_3081445F
1,Montana,1014699,3.2688888888888896%,86.41555555555554%,0.4292592592592591%,7.0607407407407425%,0.5703703703703705%,0.07222222222222222%,$47645.682835820895,510163M_F
2,Nebraska,1869365,9.203759398496235%,81.13947368421056%,4.956203007518794%,0.8644736842105263%,1.8590225563909788%,0.05714285714285715%,$55916.469696969696,929606M_939759F
3,Nevada,2798636,27.100883652430046%,53.23932253313698%,7.739617083946994%,1.0871870397643593%,7.095729013254786%,0.5745213549337267%,$55526.525073746314,1407735M_1390901F
4,New Hampshire,1324201,3.3219178082191796%,91.31917808219184%,1.2277397260273974%,0.14280821917808229%,2.191438356164382%,0.016095890410958904%,$68728.8595890411,653484M_670717F
5,New Jersey,8904413,18.74950049950049%,56.488761238761285%,14.387862137862117%,0.11533466533466513%,8.159990009990018%,0.031318681318681325%,$76581.08341708542,4343027M_4561386F
