,State,TotalPop,Hispanic,White,Black,Native,Asian,Pacific,Income,GenderPop
0,Ohio,11575977,3.6720843250595037%,75.90306018361096%,16.207276436586163%,0.16888813328799712%,1.6210812648758952%,0.022645358721523304%,$49655.24846625767,5662893M_5913084F
1,Oklahoma,3849733,10.0799043062201%,66.05942583732046%,8.314736842105255%,6.716842105263157%,1.8011483253588516%,0.10622009569377985%,$48100.85426653883,1906944M_1942789F
2,Oregon,3939233,11.441212121212132%,78.39551515151517%,1.730787878787877%,1.0002424242424257%,3.594909090909088%,0.3453333333333332%,$54271.90181818182,1948453M_1990780F
3,Pennsylvania,12779559,6.128013741411624%,77.38385384134914%,11.633947532791995%,0.11926920674578385%,2.7977514053716495%,0.019394128669581522%,$56170.46451005025,6245344M_6534215F
4,Puerto Rico,3583073,98.89357384441935%,0.7736189402480265%,0.0925591882750846%,0.0028184892897406984%,0.07519729425028186%,0.0012401352874859078%,$20720.538285714287,1713860M_1869213F
5,Rhode Island,1053661,13.356666666666678%,74.32541666666665%,5.68291666666667%,0.3462500000000001%,3.2474999999999983%,0.035833333333333335%,$59125.270833333336,510388M_543273F
