,State,TotalPop,Hispanic,White,Black,Native,Asian,Pacific,Income,GenderPop
0,Iowa,3093526,5.30364520048603%,87.71968408262464%,3.2569866342648868%,0.2897934386391251%,1.699392466585662%,0.055164034021871235%,$53017.75304136253,1534595M_1558931F
1,Kansas,2892987,11.644342105263148%,75.95828947368425%,6.5678947368421%,0.7339473684210529%,2.331052631578946%,,$53885.612648221344,1439862M_1453125F
2,Kentucky,4397353,3.222993688007212%,85.2307484220019%,8.272317403065832%,0.1666366095581602%,1.1298467087466182%,0.046438232642019836%,$45285.80253623189,2164208M_2233145F
3,Louisiana,4625253,4.866489361702128%,54.978546099290796%,36.32624113475175%,0.48430851063829816%,1.669060283687941%,0.039184397163120555%,$44957.99376114082,2261156M_2364097F
4,Maine,1329100,1.4319088319088318%,93.70740740740736%,1.1344729344729356%,0.7883190883190888%,0.9658119658119669%,0.01566951566951567%,$49181.97435897436,650081M_679019F
5,Maryland,5930538,8.47249820014399%,52.679049676026%,30.6777537796976%,0.20309575233981278%,5.325413966882652%,0.03628509719222463%,$78765.40072463769,2872643M_F
