,State,TotalPop,Hispanic,White,Black,Native,Asian,Pacific,Income,GenderPop
0,Utah,2903379,13.468376068376063%,79.40683760683764%,1.0179487179487194%,1.0813675213675222%,2.196068376068376%,0.8259829059829059%,$63488.91780821918,1459229M_1444150F
1,Vermont,626604,1.6092896174863391%,93.98306010928961%,0.9808743169398909%,0.301639344262295%,1.2387978142076501%,0.03060109289617486%,$55602.96721311475,308573M_318031F
2,Virginia,8256630,8.0110164981373%,63.271048430015945%,20.17599787120807%,0.21245343267695582%,5.455242150079845%,0.06471527408195847%,$72866.01341201717,4060948M_4195682F
3,Washington,6985464,11.140968858131506%,72.03840830449816%,3.384429065743947%,1.4107266435986163%,7.022006920415224%,0.609896193771627%,$64493.76768377254,3487725M_3497739F
4,West Virginia,1851420,1.290909090909089%,92.17623966942146%,3.6628099173553723%,0.15268595041322316%,0.6824380165289253%,0.02644628099173554%,$41437.11157024794,913631M_937789F
5,Wisconsin,5742117,6.683333333333334%,79.86400862068966%,8.195186781609202%,0.9536637931034483%,2.404238505747124%,0.020833333333333332%,$53898.889208633096,2851385M_2890732F
