,State,TotalPop,Hispanic,White,Black,Native,Asian,Pacific,Income,GenderPop
0,Georgia,10006693,8.418242207460397%,54.28630556974962%,32.08829841594277%,0.18758303525804798%,3.0976494634644895%,0.046601941747572824%,$50811.08205128205,4883331M_5123362F
1,Hawaii,1406299,9.186708860759486%,25.032278481012657%,2.052848101265823%,0.1449367088607596%,36.59208860759495%,8.758860759493672%,$73264.42628205128,709871M_696428F
2,Idaho,1616547,11.505369127516781%,83.1362416107383%,0.5667785234899323%,1.468120805369128%,1.135906040268457%,0.1271812080536914%,$48017.31543624161,810464M_806083F
3,Illinois,12873761,15.601733547351516%,60.85980738362764%,17.108410914927717%,0.11842696629213499%,4.475377207062604%,0.02003210272873195%,$59587.04887459807,6316899M_6556862F
4,Indiana,6568645,6.536744186046501%,78.43189368770771%,11.18697674418606%,0.1940863787375415%,1.5782724252491687%,0.03262458471760798%,$48616.22784810127,3235263M_3333382F
5,Iowa,3093526,5.30364520048603%,87.71968408262464%,3.2569866342648868%,0.2897934386391251%,1.699392466585662%,0.055164034021871235%,$53017.75304136253,1534595M_1558931F
