,State,TotalPop,Hispanic,White,Black,Native,Asian,Pacific,Income,GenderPop
0,New Jersey,8904413,18.74950049950049%,56.488761238761285%,14.387862137862117%,0.11533466533466513%,8.159990009990018%,0.031318681318681325%,$76581.08341708542,4343027M_4561386F
1,New Mexico,2084117,45.28293172690762%,40.69799196787147%,1.7550200803212852%,9.248594377510045%,1.23433734939759%,0.04277108433734938%,$47329.96787148595,1032414M_1051703F
2,New York,19673174,17.241424747786684%,56.4701050030883%,15.668046119003515%,0.32163887173152117%,7.8971587399629355%,0.023450689726168417%,$64290.74911292006,9541801M_10131373F
3,North Carolina,9845333,8.464762782128062%,64.5976508521419%,21.3951174573929%,1.0854905573468434%,2.317457392906495%,0.05232611699677568%,$49937.46413697362,4795408M_5049925F
4,North Dakota,721640,2.832682926829267%,87.44829268292683%,1.2843902439024397%,5.651219512195119%,0.9619512195121945%,,$58188.112195121954,367963M_353677F
5,Ohio,11575977,3.6720843250595037%,75.90306018361096%,16.207276436586163%,0.16888813328799712%,1.6210812648758952%,0.022645358721523304%,$49655.24846625767,5662893M_5913084F
